Workbook

Sheet Selectie
B1: Competitie | I1: Oefenpotjes
A2: Naam | B2: Minuten | C2: Goals | D2: Assists | E2: Geel | F2: Rood | G2: Snuiter | H2: Trainingen | I2: Minuten | J2: Goals | K2: Assists | L2: Geel | M2: Rood | N2: Snuiter
A3: Barry | B3: =SUM(Competitie!B2:Q2) | H3: =SUM(Training!B2:P2) | I3: =SUM(Oefen!B2:O2)
A4: Brahim | B4: =SUM(Competitie!B3:Q3) | H4: =SUM(Training!B3:P3) | I4: =SUM(Oefen!B4:O4)
A5: Bert | B5: =SUM(Competitie!B4:Q4) | H5: =SUM(Training!B4:P4) | I5: =SUM(Oefen!B5:O5)
A6: Daan | B6: =SUM(Competitie!B5:Q5) | H6: =SUM(Training!B5:P5) | I6: =SUM(Oefen!B5:O5)
A7: Dirk | B7: =SUM(Competitie!B6:Q6) | H7: =SUM(Training!B6:P6) | I7: =SUM(Oefen!B6:O6)
A8: Eddy | B8: =SUM(Competitie!B7:Q7) | C8: 1 | H8: =SUM(Training!B7:P7) | I8: =SUM(Oefen!B7:O7) | K8: 1
A9: Elwin | B9: =SUM(Competitie!B8:Q8) | H9: =SUM(Training!B8:P8) | I9: =SUM(Oefen!B8:O8)
A10: Erwin | B10: =SUM(Competitie!B9:Q9) | H10: =SUM(Training!B9:P9) | I10: =SUM(Oefen!B9:O9)
A11: Felix | B11: =SUM(Competitie!B10:Q10) | E11: 1 | H11: =SUM(Training!B10:P10) | I11: =SUM(Oefen!B10:O10) | J11: 1
A12: Hanna | B12: =SUM(Competitie!B11:Q11) | C12: 2 | H12: =SUM(Training!B11:P11) | I12: =SUM(Oefen!B11:O11)
A13: Jan | B13: =SUM(Competitie!B12:Q12) | H13: =SUM(Training!B12:P12) | I13: =SUM(Oefen!B12:O12)
A14: Jelmer | B14: =SUM(Competitie!B13:Q13) | H14: =SUM(Training!B13:P13) | I14: =SUM(Oefen!B13:O13)
A15: Jesse | B15: =SUM(Competitie!B14:Q14) | C15: 1 | H15: =SUM(Training!B14:P14) | I15: =SUM(Oefen!B14:O14)
A16: Joey H. | B16: =SUM(Competitie!B15:Q15) | C16: 1 | H16: =SUM(Training!B15:P15) | I16: =SUM(Oefen!B15:O15) | J16: 1
A17: Joey K. | B17: =SUM(Competitie!B16:Q16) | H17: =SUM(Training!B16:P16) | I17: =SUM(Oefen!B16:O16)
A18: Joost | B18: =SUM(Competitie!B17:Q17) | H18: =SUM(Training!B17:P17) | I18: =SUM(Oefen!B17:O17) | J18: 1
A19: Jur | B19: =SUM(Competitie!B18:Q18) | C19: 1 | D19: 1 | H19: =SUM(Training!B18:P18) | I19: =SUM(Oefen!B18:O18)
A20: Justus | B20: =SUM(Competitie!B19:Q19) | C20: 1 | H20: =SUM(Training!B19:P19) | I20: =SUM(Oefen!B19:O19)
A21: Kris | B21: =SUM(Competitie!B20:Q20) | H21: =SUM(Training!B20:P20) | I21: =SUM(Oefen!B20:O20) | J21: 1
A22: Lars | B22: =SUM(Competitie!B21:Q21) | C22: 1 | G22: 1 | H22: =SUM(Training!B21:P21) | I22: =SUM(Oefen!B21:O21) | N22: 1
A23: Mark | B23: =SUM(Competitie!B22:Q22) | C23: 3 | D23: 4 | G23: 1 | H23: =SUM(Training!B22:P22) | I23: 90 | K23: 2
A24: Matthijs | B24: =SUM(Competitie!B23:Q23) | D24: 1 | H24: =SUM(Training!B23:P23) | I24: =SUM(Oefen!B24:O24)
A25: Milan | B25: =SUM(Competitie!B24:Q24) | C25: 1 | G25: 1 | H25: =SUM(Training!B24:P24) | I25: =SUM(Oefen!B25:O25)
A26: Niels v. B. | B26: =SUM(Competitie!B25:Q25) | D26: 1 | E26: 1 | H26: =SUM(Training!B25:P25) | I26: =SUM(Oefen!B26:O26)
A27: Niels B. | B27: =SUM(Competitie!B26:Q26) | H27: =SUM(Training!B26:P26) | I27: =SUM(Oefen!B27:O27)
A28: Paul | B28: =SUM(Competitie!B27:Q27) | H28: =SUM(Training!B27:P27) | I28: =SUM(Oefen!B28:O28) | J28: 1
A29: Peter | B29: =SUM(Competitie!B28:Q28) | H29: =SUM(Training!B28:P28) | I29: =SUM(Oefen!B29:O29)
A30: Robert H. | B30: =SUM(Competitie!B29:Q29) | H30: =SUM(Training!B29:P29) | I30: =SUM(Oefen!B30:O30)
A31: Robin v. B. | B31: =SUM(Competitie!B30:Q30) | H31: =SUM(Training!B30:P30) | I31: =SUM(Oefen!B31:O31)
A32: Robin E. | B32: =SUM(Competitie!B31:Q31) | H32: =SUM(Training!B31:P31) | I32: =SUM(Oefen!B32:O32)
A33: Sander | B33: =SUM(Competitie!B32:Q32) | D33: 3 | E33: 1 | H33: =SUM(Training!B32:P32) | I33: =SUM(Oefen!B33:O33)
A34: Steven | B34: =SUM(Competitie!B33:Q33) | H34: =SUM(Training!B33:P33) | I34: =SUM(Oefen!B34:O34)
A35: Thijs | B35: =SUM(Competitie!B34:Q34) | H35: =SUM(Training!B34:P34) | I35: =SUM(Oefen!B35:O35)
A36: Tom | B36: =SUM(Competitie!B35:Q35) | C36: 8 | D36: 3 | G36: 1 | H36: =SUM(Training!B35:P35) | I36: =SUM(Oefen!B36:O36)
A38: Totaal | B38: =SUM(B3:B36)/990 | C38: =SUM(C3:C36) | D38: =SUM(D3:D36) | E38: =SUM(E3:E36) | F38: =SUM(F3:F36) | G38: =SUM(G3:G36) | I38: =SUM(I3:I36)/990 | J38: =SUM(J3:J36) | K38: =SUM(K3:K36) | L38: =SUM(L3:L36) | M38: =SUM(M3:M36) | N38: =SUM(N3:N36)

Sheet Training
A1: Naam | B1: 46261 | C1: 46268 | D1: 46282 | E1: 46289 | F1: 46296 | G1: 46303 | H1: 46310 | I1: 46317 | J1: 46324 | K1: 46331 | L1: 46338 | M1: 46345 | N1: 46352 | O1: 46359 | P1: 46366
A2: Barry | B2: 0 | C2: 1 | D2: 1 | E2: 0 | F2: 1 | G2: 1 | H2: 0
A3: Brahim | B3: 0 | C3: 0 | D3: 0 | E3: 0 | F3: 0 | G3: 0 | H3: 0
A4: Bert | B4: 0 | C4: 0 | D4: 1 | E4: 0 | F4: 0 | G4: 0 | H4: 0
A5: Daan | B5: 0 | C5: 0 | D5: 0 | E5: 0 | F5: 0 | G5: 0 | H5: 0
A6: Dirk | B6: 1 | C6: 0 | D6: 1 | E6: 0 | F6: 0 | G6: 0 | H6: 1
A7: Eddy | B7: 1 | C7: 1 | D7: 1 | E7: 1 | F7: 1 | G7: 1 | H7: 1
A8: Elwin | B8: 0 | C8: 0 | D8: 0 | E8: 0 | F8: 0 | G8: 0 | H8: 0
A9: Erwin | B9: 1 | C9: 0 | D9: 1 | E9: 1 | F9: 1 | G9: 0 | H9: 1
A10: Felix | B10: 0 | C10: 0 | D10: 1 | E10: 0 | F10: 0 | G10: 0 | H10: 0
A11: Hanna | B11: 0 | C11: 0 | D11: 0 | E11: 0 | F11: 0 | G11: 0 | H11: 0
A12: Jan | B12: 0 | C12: 0 | D12: 0 | E12: 1 | F12: 1 | G12: 1 | H12: 0
A13: Jelmer | B13: 0 | C13: 0 | D13: 0 | E13: 0 | F13: 0 | G13: 0 | H13: 0
... A35: Tom | B35: 0 | C35: 1 | D35: 0 | E35: 0 | F35: 0 | G35: 1 | H35: 1
A37: Totaal | B37: =SUM(B2:B35) | C37: =SUM(C2:C35) | D37: =SUM(D2:D35) | E37: =SUM(E2:E35) | F37: =SUM(F2:F35) | G37: =SUM(G2:G35) | H37: =SUM(H2:H35)

Sheet Competitie
A1: Naam | B1: 46284 | C1: 46291 | D1: 46298 | E1: 46305 | F1: 46312 | G1: 46319 | H1: 46326 | I1: 46333 | J1: 46340 | K1: 46347 | L1: 46354 | M1: 46361 | N1: 46368 | O1: 46375 | P1: 46382 | Q1: 46389
A2: Barry | B2: 0 | C2: 0 | D2: 0 | E2: 0
A3: Brahim | B3: 0 | C3: 0 | D3: 45 | E3: 0
A4: Bert | B4: 20 | C4: 0 | D4: 0 | E4: 0
A5: Daan | B5: 90 | C5: 0 | D5: 0 | E5: 0
A6: Dirk | B6: 0 | C6: 0 | D6: 0 | E6: 0
A7: Eddy | B7: 0 | C7: 30 | D7: 90 | E7: 0
A8: Elwin | B8: 45 | C8: 0 | D8: 0 | E8: 0
A9: Erwin | B9: 45 | C9: 90 | D9: 45 | E9: 45
A10: Felix | B10: 70 | C10: 0 | D10: 0 | E10: 0
A11: Hanna | B11: 45 | C11: 0 | D11: 90 | E11: 60
A12: Jan | B12: 0 | C12: 0 | D12: 0 | E12: 0
A13: Jelmer | B13: 0 | C13: 0 | D13: 0 | E13: 30
... A35: Tom | B35: 90 | C35: 90 | D35: 90 | E35: 90
A37: Totaal | B37: =SUM(B2:B35) | C37: =SUM(C2:C35) | D37: =SUM(D2:D35) | E37: =SUM(E2:E35)

Sheet Oefen
A1: Naam | B1: 46274
A2: Barry | B2: 0
A3: Brahim | B3: 0
A4: Bert | B4: 0
A5: Daan | B5: 0
A6: Dirk | B6: 45
A7: Eddy | B7: 90
A8: Elwin | B8: 0
A9: Erwin | B9: 0
A10: Felix | B10: 45
A11: Hanna | B11: 60
A12: Jan | B12: 0
... A35: Tom | B35: 0

Sheet Wedstrijden
A1: Datum | B1: Soort | C1: Tegenstander | D1: Waar | E1: Uitslag | F1: Stats | G1: Bijzonderheden
A2: 46274.844 | B2: Oefen | C2: Woudenberg JO-19 | D2: Thuis | E2: 5-0 (W) | F2: Doelpunten: Joost, Felix, Paul, Joey H., Kris Assists: Mark 2x, Eddy Snuiter: Lars
A3: 46284.479 | B3: Competitie | C3: VVZA 2 | D3: Uit | E3: 2-2 (G) | F3: Doelpunten: Tom, Mark Assists: Matthijs Snuiter: Mark | G3: Jur geen kramp. Mark veel gelopen.
A4: 46291.625 | B4: Competitie | C4: CDW 2 | D4: Thuis | E4: 8-1 (W) | F4: Doelpunten: Mark 2x, Jur, Joey H., Tom, Jesse, Milan, Eddy Assists: Mark 2x, Sander, Tom Snuiter: Milan | G4: Hoop gompies in de selectie. Daardoor aantal leenspelers nodig. Pakt goed uit.
A5: 46298.635 | B5: Competitie | C5: Hooglanderveen 2 | D5: Uit | E5: 0-6 (W) | F5: Doelpunten: Tom 5x, Robin H. 1x Assists: Sander 2x, Jur, Niels v. B., Tom Snuiter: Tom | G5: Jur kramp, wel hele wedstrijd. Is het dan wel echt kramp?
A6: 46305.625 | B6: Competitie | C6: De Merino's 2 | D6: Thuis | E6: 4-4 (G) | F6: Doelpunten: Lars, Justus, Tom, Hanna Assists: Mark 2x, Tom Snuiter: Lars | G6: Prima goaltje van Lars. Die horen we voorlopig nog wel ff.
A7: 46319.583 | C7: GVVV 2 | D7: Uit
A8: 46326.625 | C8: VRC 2 | D8: Thuis
A9: 46333.5 | C9: Renswoude 2 | D9: Uit
A10: 46347.625 | C10: Candia '66 2 | D10: Thuis
A11: 46354.625 | C11: Roda '46 3 | D11: Uit
A12: 46361.604 | C12: SVL 2 | D12: Thuis
A13: 46417.625 | C13: VVZA 2 | D13: Thuis
A14: 46424.5 | C14: CDW 2 | D14: Uit
A15: 46445.604 | C15: Valleivogels 3 | D15: Uit
A16: 46452.625 | C16: Hooglanderveen 2 | D16: Thuis
A17: 46459.49 | C17: De Merino's 2 | D17: Uit
A18: 46466.625 | C18: GVVV 2 | D18: Thuis
... A24: 46529.625 | C24: Valleivogels 3 | D24: Thuis
